Cafe Name,Location,Rating,Year,Cuisine,Area
26 Thai Kitchen,"Atlanta, Georgia, United States",4 ⭐️,2022,Thai,Midtown Atlanta
55 Fahrenheit,"Louisiana, New Orleans, United States",4 ⭐️,2022,"American, Seafood",Canal Street Marriott
5th District Deli,"Atlanta, Georgia, United States",1 ⭐️,2022,Deli,Student Center - GT
Aamar Indian Cuisine,"Atlanta, Georgia, United States",4 ⭐️,2021,Indian,Downtown
AC Hotel by Marriott Palo Alto,"California, Palo Alto, United States",3 ⭐️,2023,Hotel Buffet,San Antonio Road
Al Hamra Indian Pizza & Curry,"California, San Francisco, United States",4 ⭐️,2023,Indian Pizza,16th Street
Aladdin Gyro-Cery & Deli,"Seattle, United States, Washington",4 ⭐️,2023,Mediterranean,University Way
Ali's Cafe and Pizzeria,"India, Kanpur, Uttar Pradesh",4 ⭐️,2023,Italian,Civil Lines
Alif Cafe,"Atlanta, Georgia, United States",4 ⭐️,2022,Bangladeshi,Buford Highway
AltaToro,"Atlanta, Georgia, United States",4 ⭐️,2023,Latin American,Midtown Atlanta
Amai Dessert Bar and Lounge,"Atlanta, Georgia, United States",3 ⭐️,2022,Dessert,Tech Green - Georgia Tech
Amalfi Cucina & Mercato,"Atlanta, Georgia, United States",4 ⭐️,2023,Italian,Downtown
Amrik Sukhdev,"Haryana, India, Murthal",4 ⭐️,2022,Indian,Highway
Amul Veg. Restaurant,"Georgia, Norcross, United States",4 ⭐️,2022,Indian,Global Mall
Anaicha's Food Joint,"India, Kanpur, Uttar Pradesh",4 ⭐️,2022,Indian,Arya Nagar
https://www.andytownsf.com/,"California, San Francisco, United States",4 ⭐️,2023,Coffee Spot,Franchise Chain
Antico Pizza Napoletana,"Atlanta, Georgia, United States",5 ⭐️,2022,Pizza Restaurant,West-Midtown
Antojitos Mexicanos,"California, San Francisco, United States",3 ⭐️,2023,Mexican,Irving Street
Apna Bazar,"California, Sunnyvale, United States",4 ⭐️,2022,Indian,Cala Center
Appaloosa Grill,"Colorado, Denver, United States",4 ⭐️,2023,American,Denver Masonic Building
Asha Tea House,"California, San Francisco, United States",4 ⭐️,2023,Tea Spot,Kearny Street
Asian Vegan Kitchen,"Atlanta, Georgia, United States",4 ⭐️,2021,Asian Fusion,Cloud Kitchen
Atlanta Breakfast Club,"Atlanta, Georgia, United States",5 ⭐️,2022,Southern United States,Downtown
Atwoods Pizza Cafe,"Atlanta, Georgia, United States",4 ⭐️,2021,Pizza Restaurant,Midtown Atlanta
Aunt Sally's Pralines,"Louisiana, New Orleans, United States",3 ⭐️,2022,Dessert,French Quarter
Auntie Anne's,"Atlanta, Georgia, United States",3 ⭐️,2022,Pretzel,Lenox Mall
Aviva by Kameel,"Atlanta, Georgia, United States",5 ⭐️,2022,Mediterranean,CODA
Aziza,"Atlanta, Georgia, United States",3 ⭐️,2022,Israeli,Westside Provisions District
Baba Biryani,"India, Kanpur, Uttar Pradesh",4 ⭐️,2022,Authentic Indian Chicken,Arya Nagar
Baby Doll Pizza,"Oregon, Portland, United States",4 ⭐️,2023,Pizza Restaurant,Food Delivery Services
Bacchu Lal Kachori,"India, Kanpur, Uttar Pradesh",4 ⭐️,2022,Indian Breakfast,Arya Nagar
Bagatelle,"Mexico, Quintana Roo, Tulum",5 ⭐️,2023,Mexican,Tulum Beach
Banaaras Paan,"Gurgaon, Haryana, India",4 ⭐️,2022,Paan,One Horizon Center
Bangkok Bold Asian Fusion Kitchen,"Atlanta, Georgia, United States",3 ⭐️,2023,Thai,Food Delivery Services
Bangkok House Thai Noodles,"California, San Francisco, United States",3 ⭐️,2023,Thai,Irving Street
Bangkok Thai,"Atlanta, Georgia, United States",4 ⭐️,2022,Thai,Ansley Square Shopping Center
BAOZ,"California, San Francisco, United States",5 ⭐️,2023,Chinese,Food Delivery Services
Bar Taco,"Atlanta, Georgia, United States",3 ⭐️,2022,Mexican,West-Midtown
Baraka Shawarma Mediterranean Grill,"Atlanta, Georgia, United States",3 ⭐️,2021,Mediterranean,Downtown
Baskin Robbins,"Atlanta, Georgia, United States",3 ⭐️,2022,Ice cream,Multiple
Bawarchi Biryanis,"Decatur, Georgia, United States",5 ⭐️,2021,Authentic Indian Chicken,Food Delivery Services
Belgian Waffle,"India, Kanpur, Uttar Pradesh",4 ⭐️,2022,Dessert,Arya Nagar
Bell Street Burritos,"Atlanta, Georgia, United States",4 ⭐️,2021,Mexican,Krog Street
Bento Bus,"Atlanta, Georgia, United States",4 ⭐️,2021,Japanese,Tech Green - Georgia Tech
Bento Sushi,"Atlanta, Georgia, United States",3 ⭐️,2022,Japanese,Student Center - GT
Berco's,"India, New Delhi",3 ⭐️,2023,Indo-Chinese,International Airport
Besharam,"California, San Francisco, United States",5 ⭐️,2023,Indian Fusion,Minnesota Street Project
Bhagwan Das Ice Cream Parlour,"India, Kanpur, Uttar Pradesh",5 ⭐️,2022,Ice cream,Mall Road
Bikanervala,"India, New Delhi",5 ⭐️,2022,Indian Breakfast,Aerocity
Biryani & Kababs,"California, Sunnyvale, United States",4 ⭐️,2022,Indian,Food Delivery Services
Biryani N Grill,"Georgia, Smyrna, United States",2 ⭐️,2021,Authentic Indian Chicken,Food Delivery Services
Bismillah Cafe,"Atlanta, Georgia, United States",5 ⭐️,2022,Bangladeshi,Buford Highway
Biswas Grocery and Cafe,"Atlanta, Georgia, United States",4 ⭐️,2022,Bangladeshi,Buford Highway
Blaze Pizza,"Atlanta, Georgia, United States",4 ⭐️,2023,Pizza Restaurant,17th Street
Blue Donkey,"Atlanta, Georgia, United States",4 ⭐️,2022,Coffee Spot,Georgia Tech
Blue India,"Atlanta, Georgia, United States",4 ⭐️,2021,Indian,Midtown Atlanta
Boba Guys,"California, San Francisco, United States",4 ⭐️,2022,Boba,Hayes Valley
Boba Up,"Seattle, United States, Washington",4 ⭐️,2023,Boba,University Way
Bodega,"India, Kanpur, Uttar Pradesh",4 ⭐️,2023,Multi Cuisine,Arya Nagar
Bojangles,"Atlanta, Georgia, United States",3 ⭐️,2022,Southern United States,Domestic Airport
Bollywood Pizza N Curry,"California, San Francisco, United States",3 ⭐️,2023,Indian Pizza,Food Delivery Services
Bombay Namkeen Bhandar,"India, Kanpur, Uttar Pradesh",3 ⭐️,2022,Indian Snacks,Arya Nagar
Botica,"Atlanta, Georgia, United States",2 ⭐️,2022,Mexican,Peachtree Road
Botiwalla,"Atlanta, Georgia, United States",4 ⭐️,2022,Indian,Ponce City Market
Brittain Dining Hall,"Atlanta, Georgia, United States",2 ⭐️,2021,College Dining Hall,Georgia Tech
Broken Yolk Cafe,"California, San Diego, United States",4 ⭐️,2023,Breakfast,Gaslamp Quarter
Bruciato,"Bainbridge Island, United States, Washington",5 ⭐️,2023,Italian,Winslow Way
Buena Vida Tapas & Sol,"Atlanta, Georgia, United States",5 ⭐️,2022,Spanish,North and Line
Buffalo Wild Wings,"Atlanta, Georgia, United States",4 ⭐️,2022,Wings,Tech Square
Burma Love,"California, San Francisco, United States",5 ⭐️,2023,Burmese,Downtown
By Me Boba Tea,"California, San Francisco, United States",4 ⭐️,2023,Boba,Ross Alley
C & Deli,"Incheon, South Korea",4 ⭐️,2023,Korean,International Airport
Cafe 222,"California, San Diego, United States",4 ⭐️,2023,"Breakfast, Waffles",Gaslamp Quarter
Cafe Agora,"Atlanta, Georgia, United States",4 ⭐️,2022,Mediterranean,Food Delivery Services
Cafe Bombay,"Atlanta, Georgia, United States",3 ⭐️,2021,Indian,Briarcliff Road
Cafe Del Mar,"Florida, Fort Lauderdale, United States",4 ⭐️,2022,Italian,Fort Lauderdale Beach Boulevard
Cafe Intermezzo,"Atlanta, Georgia, United States",5 ⭐️,2022,Cafe,Midtown Atlanta
Cafe La Flore Irving,"California, San Francisco, United States",3.5 ⭐️,2023,Cafe,Irving Street
https://clubsolaris.com/resort/gr-solaris-cancun/restaurants/cafe-solaris,"Cancún, Mexico, Quintana Roo",3 ⭐️,2023,Hotel Buffet,GR Solaris
Café Du Monde,"Louisiana, New Orleans, United States",4 ⭐️,2022,Dessert,French Quarter
California Pizza Kitchen,"Atlanta, Georgia, United States",4 ⭐️,2021,Pizza Restaurant,Lenox Mall
Canela Bistro & Wine Bar,"California, San Francisco, United States",4.5 ⭐️,2023,Spanish,Market Street
Castro Indian Restaurant,"California, San Francisco, United States",5 ⭐️,2023,Indian,Castro Street
CAVA,"Atlanta, Georgia, United States",4 ⭐️,2023,Mediterranean,Peachtree Battle
Cawnpore Club,"India, Kanpur, Uttar Pradesh",5 ⭐️,2022,Multi Cuisine,Cantonment
Chaat Corner,"California, San Francisco, United States",4 ⭐️,2023,Indian,3rd Street
Chaayos,"India, New Delhi",3 ⭐️,2021,Indian Breakfast,Connaught Place
Chai Pani,"Decatur, Georgia, United States",4 ⭐️,2022,Indian,Ponce de Leon Ave
Chat Patti,"Decatur, Georgia, United States",4 ⭐️,2021,Indian,Patel Plaza
Cheba Hut,"Atlanta, Georgia, United States",4 ⭐️,2022,Subs,West-Midtown
Chick-fil-A,"Atlanta, Georgia, United States",5 ⭐️,2021,Sandwich,Franchise Chain
Chido & Padre's,"Atlanta, Georgia, United States",3 ⭐️,2023,Mexican,Andrews Drive
https://chinesedhaba.com/,"Decatur, Georgia, United States",4 ⭐️,2023,Indo-Chinese,Patel Plaza
Chipotle,"Atlanta, Georgia, United States",4 ⭐️,2021,Mexican,Franchise Chain
Chocolate Cremerie,"California, San Diego, United States",3 ⭐️,2023,Dessert,Gaslamp Quarter
Chopstick,"India, Kanpur, Uttar Pradesh",5 ⭐️,2022,Indo-Chinese,Arya Nagar
https://www.churreriasf.com/,"California, Mountain View, United States",4 ⭐️,2023,Dessert,Food Truck
Cinco Mexican Cantina,"Atlanta, Georgia, United States",4 ⭐️,2022,Mexican,Perimeter Mall
Cinco Sentidos,"Atlanta, Georgia, United States",4 ⭐️,2022,Mexican,NCR Global Headquarters
Cluck N Mooh,"Atlanta, Georgia, United States",3 ⭐️,2023,Burgers,Student Center - GT
Coastline Dhaba,"India, Odisha, Puri",3 ⭐️,2023,Italian,Toshali Sands
COMO,"India, Kanpur, Uttar Pradesh",4 ⭐️,2022,Italian,Cantonment
Costa Coffee,"India, New Delhi",3 ⭐️,2022,Coffee Spot,Domestic Airport
Costas Restaurant,"Seattle, United States, Washington",4 ⭐️,2023,Multi Cuisine,University Way
"Coupa Cafe ","California, Palo Alto, United States",3 ⭐️,2022,"Coffee Spot, Sandwich",Green Library - Stanford Campus
Courier Market Kitchen,"Colorado, Denver, United States",4 ⭐️,2022,Multi Cuisine,Grand Hyatt Denver
Cowboys & Angels Restaurant,"Georgia, Helen, United States",3 ⭐️,2022,American,Riverwalk Village
Crepevine Restaurants,"California, San Francisco, United States",5 ⭐️,2023,Crêpes,Irving Street
Crock Spot,"Colorado, Denver, United States",4 ⭐️,2022,Healthy Bowls,Food Truck
Curry Pizza House,"California, Palo Alto, United States",4 ⭐️,2022,Indo-Italian,Food Delivery Services
https://www.curryupnow.com/,"California, San Francisco, United States",3 ⭐️,2023,Indian Street Food,Food Delivery Services
Curry Up Now,"California, Mountain View, United States",4 ⭐️,2023,Indian,Food Truck
https://www.socialoffline.in/CyberHubSocial/,"Gurgaon, Haryana, India",5 ⭐️,2023,Cafe,DLF CyberHub
Cypress Street Pint and Plate,"Atlanta, Georgia, United States",4 ⭐️,2021,American,Midtown Atlanta
Dancing Goats,"Atlanta, Georgia, United States",3 ⭐️,2022,Coffee Spot,Midtown Atlanta
Dave & Buster's,"Georgia, Marietta, United States",3 ⭐️,2023,American,D and B Drive
Dave's Hot Chicken,"Oregon, Portland, United States",4 ⭐️,2023,Fried Chicken,Food Delivery Services
https://davincisdelivers.com/,"Atlanta, Georgia, United States",4 ⭐️,2022,Pizza Restaurant,Midtown Atlanta
Delbar Middle Eastern,"Atlanta, Georgia, United States",5 ⭐️,2021,Mediterranean,Inman Park
Delhi Club House,"Gurgaon, Haryana, India",5 ⭐️,2022,Multi Cuisine,One Horizon Center
Denver Taco Truck,"Colorado, Denver, United States",1 ⭐️,2022,Mexican,Food Truck
Deshi Street Bangladeshi Restaurant,"Chamblee, Georgia, United States",3 ⭐️,2022,Bangladeshi,Buford Highway
Desi Palette,"India, Kanpur, Uttar Pradesh",3 ⭐️,2023,Indian Snacks,Tilak Nagar
Dippin’ Dots,"Austell, Georgia, United States",4 ⭐️,2021,Ice cream,Franchise Chain
Doe Donuts,"Oregon, Portland, United States",4 ⭐️,2023,Donuts,Food Delivery Services
Dominos,"Atlanta, Georgia, United States",3 ⭐️,2022,Pizza Restaurant,Franchise Chain
Donut World,"California, San Francisco, United States",3 ⭐️,2023,Donuts,9th Avenue
Double Rainbow Ice Cream,"California, San Francisco, United States",4 ⭐️,2023,Ice cream,Castro Street
Downtown Fingers Food Truck,"Colorado, Denver, United States",4 ⭐️,2022,Fried Chicken,Food Truck
Dumpling Union,"California, San Francisco, United States",4 ⭐️,2023,Asian Fusion,Union Street
Dunkin’,"Atlanta, Georgia, United States",3 ⭐️,2023,Dessert,Franchise Chain
E Ramen,"Atlanta, Georgia, United States",4 ⭐️,2022,Ramen,Midtown Atlanta
El Alambre,"California, San Francisco, United States",4 ⭐️,2023,Mexican,Food Delivery Services
El Azteca,"Atlanta, Georgia, United States",5 ⭐️,2022,Mexican,Peachtree Road
El Burro Pollo,"Atlanta, Georgia, United States",4 ⭐️,2022,Mexican,CODA
El Huarache Loco,"California, Larkspur, United States",4 ⭐️,2023,Mexican,Marin Country Mart
El Sur,"California, San Francisco, United States",4 ⭐️,2023,Empanadas,Catering
Empanash,"California, South Lake Tahoe, United States",4 ⭐️,2023,Empanadas,Ski Run Boulevard
Energy Store,"India, Kanpur, Uttar Pradesh",5 ⭐️,2023,Authentic Indian Chicken,Swaroop Nagar
ETEN,"India, Kanpur, Uttar Pradesh",4 ⭐️,2021,American,Civil Lines
Eureka!,"California, Mountain View, United States",3.5 ⭐️,2023,Burgers,Castro Street
Fadó Irish Pub,"Atlanta, Georgia, United States",4 ⭐️,2021,American,Midtown Atlanta
Fang,"California, San Francisco, United States",4.5 ⭐️,2023,Chinese,Food Delivery Services
Farm Burger,"Atlanta, Georgia, United States",4 ⭐️,2023,Burgers,Virginia Highland
Fiorella Sunset,"California, San Francisco, United States",3 ⭐️,2023,Italian,9th Avenue
Firehouse Subs,"Atlanta, Georgia, United States",3 ⭐️,2022,Subs,Franchise Chain
Flapjack’s Pancake Cabin,"Gatlinburg, Tennessee, United States",4 ⭐️,2021,Breakfast,Franchise Chain
https://flyingbiscuit.com/,"Atlanta, Georgia, United States",4 ⭐️,2023,Southern United States,Midtown Atlanta
Fog Harbor Fish House,"California, San Francisco, United States",5 ⭐️,2023,Seafood,Pier 39
Fogón Cocina Mexicana,"Seattle, United States, Washington",4 ⭐️,2023,Mexican,Pine Street
Food Folks & Fun,"India, Kanpur, Uttar Pradesh",3 ⭐️,2022,Indian Snacks,Arya Nagar
Food Terminal,"Atlanta, Georgia, United States",3 ⭐️,2022,Malaysian,West-Midtown
Four Barrel Coffee,"California, San Francisco, United States",4 ⭐️,2023,Coffee Spot,Valencia Street
Franks Sunny Fries,"India, New Delhi",3 ⭐️,2022,Cafe,Domestic Airport
FreshMex Mercedes Benz,"Atlanta, Georgia, United States",3 ⭐️,2021,Snacks,Mercedes-Benz Stadium
Fritti,"Atlanta, Georgia, United States",4 ⭐️,2022,Italian,Inman Park
Ghirardelli Ice Cream,"California, San Francisco, United States",4 ⭐️,2023,Ice cream,Montgomery Street
Gin N Ginger,"India, Kanpur, Uttar Pradesh",4 ⭐️,2023,Multi Cuisine,Civil Lines
https://www.gingerbowls.com/,"California, San Francisco, United States",2 ⭐️,2023,Healthy Bowls,Food Delivery Services
Gokul Sweets,"Decatur, Georgia, United States",3 ⭐️,2022,Indian,Patel Plaza
Golden Gate Indian Cuisine & Pizza,"California, San Francisco, United States",3 ⭐️,2023,Pizza Restaurant,Judah Street
Golden Island Cafe,"California, San Francisco, United States",3.5 ⭐️,2023,"Chinese, Dessert",Noriega Street
Goodfellas Pizza & Wings,"Atlanta, Georgia, United States",4 ⭐️,2023,Pizza Restaurant,Food Delivery Services
Goodhart Coffee,"Colorado, Denver, United States",4 ⭐️,2022,Coffee Spot,Catering
Gordo Taqueria,"California, San Francisco, United States",2 ⭐️,2023,Mexican,9th Avenue
Govindas,"Atlanta, Georgia, United States",3 ⭐️,2021,Indian,Food Delivery Services
Great Wraps,"Atlanta, Georgia, United States",3 ⭐️,2022,Breakfast,CNN Center
Great Wraps Gyro and Wings,"Atlanta, Georgia, United States",3 ⭐️,2023,Mediterranean,Perimeter Mall
Gurung Kitchen,"California, San Francisco, United States",3 ⭐️,2023,Nepalese,Irving Street
Gu’s Dumplings,"Atlanta, Georgia, United States",4 ⭐️,2021,Sichuan,Krog Street Market
Gypsy Kitchen,"Atlanta, Georgia, United States",5 ⭐️,2023,Spanish,Buckhead
Gyro Bros,"Atlanta, Georgia, United States",4 ⭐️,2022,Mediterranean,Tech Square
Gyro Chef Food Truck,"Atlanta, Georgia, United States",5 ⭐️,2021,Mediterranean,Food Truck
Gyros town,"Colorado, Denver, United States",4 ⭐️,2023,Mediterranean,Food Truck
Gyu-Kaku Japanese BBQ,"Atlanta, Georgia, United States",4 ⭐️,2022,Japanese,Atlantic Station
Haagen Dazs,"Atlanta, Georgia, United States",4 ⭐️,2022,Ice cream,Franchise Chain
Hacienda Bar & Grill,"Georgia, Suwanee, United States",5 ⭐️,2023,Mexican,Peachtree Industrial Blvd
Hacienda Selva Maya,"Mexico, Valladolid, Yucatán",3 ⭐️,2023,Mexican,Cenote Saamal
Halal Food Express,"Florida, Orlando, United States",5 ⭐️,2022,Mediterranean,International Drive
Handy Deli,"California, San Francisco, United States",2 ⭐️,2023,Deli,Irving Street
Hansel & Gretel Candy Kitchen,"Georgia, Helen, United States",4 ⭐️,2022,Dessert,Main Street
Happy Burger Diner,"California, Mariposa, United States",3 ⭐️,2023,Diner,CA-140
Hard Knox cafe,"California, San Francisco, United States",3.5 ⭐️,2023,Southern United States,Clement Street
https://harishbakery.com/,"Gurgaon, Haryana, India",3 ⭐️,2023,Bakery,Sector 56
https://hinodeyaramen.com/,"California, San Francisco, United States",3.5 ⭐️,2023,Ramen,Japantown
Hobee’s,"California, Mountain View, United States",4 ⭐️,2022,Multi Cuisine,Central Expressway
Hofbrauhaus Restaurant,"Georgia, Helen, United States",3 ⭐️,2022,German,Main Street
Home Coffee Roasters,"California, San Francisco, United States",4 ⭐️,2023,Coffee Spot,Noriega Street
https://www.sfhometowncreamery.com/,"California, San Francisco, United States",5 ⭐️,2023,Ice cream,9th Avenue
Honest Indian Restaurant,"Decatur, Georgia, United States",4 ⭐️,2022,Indian,Patel Plaza
Hooters,"Atlanta, Georgia, United States",3 ⭐️,2023,Cafe,Downtown
Hudson Grille,"Atlanta, Georgia, United States",4 ⭐️,2023,American,Midtown Atlanta
Hyderabad Dum Biryani,"California, Mountain View, United States",3 ⭐️,2022,Indian,Old Middlefield Way
Hyderabad Express,"Atlanta, Georgia, United States",3 ⭐️,2022,Indian,Food Delivery Services
IHOP,"Atlanta, Georgia, United States",4 ⭐️,2022,Breakfast,Franchise Chain
Imm Thai Street Food,"Berkeley, California, United States",5 ⭐️,2022,Thai,University Avenue
Inchin's Bamboo Garden,"Alpharetta, Georgia, United States",5 ⭐️,2022,Indo-Chinese,Saddlebrook Shopping Center
Indian Crepe Co.,"Georgia, Smyrna, United States",3 ⭐️,2022,South Indian,Food Delivery Services
Indian Grill Restaurant,"Georgia, Norcross, United States",4 ⭐️,2021,Indian,Beaver Ruin Road
Insomnia Cookies,"Atlanta, Georgia, United States",4 ⭐️,2022,Cookie,Midtown Atlanta
Ironside Fish & Oyster,"California, San Diego, United States",4 ⭐️,2023,Seafood,India Street
Izakaya Links Sushi Bar,"California, San Francisco, United States",5 ⭐️,2023,Sushi,Clement Street
Jamba Juice,"Atlanta, Georgia, United States",3 ⭐️,2022,Juices & Shakes,Lenox Mall
Jane on Larkin,"California, San Francisco, United States",3 ⭐️,2023,Healthy Bowls,Food Delivery Services
Jeni’s Splendid Ice Creams,"Atlanta, Georgia, United States",5 ⭐️,2021,Ice cream,Franchise Chain
Jewel of India,"Seattle, United States, Washington",4 ⭐️,2023,Indian,University Way
Jinya,"Atlanta, Georgia, United States",3 ⭐️,2022,Ramen,Food Delivery Services
Joe & The Juice,"California, San Francisco, United States",4 ⭐️,2022,Sandwich,Market Street
Juniper & Ivy,"California, San Diego, United States",5 ⭐️,2023,American,Kettner Boulevard
Kailash Parbat,"Decatur, Georgia, United States",5 ⭐️,2023,Indian,Patel Plaza
Kaldi’s Coffee,"Atlanta, Georgia, United States",4 ⭐️,2021,Coffee Spot,Franchise Chain
Kale Me Crazy,"Atlanta, Georgia, United States",4 ⭐️,2021,Smoothie,Midtown Atlanta
Kali Greek Kitchen,"California, Palo Alto, United States",4 ⭐️,2023,Greek,California Avenue
Kalinga Dhaba,"India, Odisha, Saradeipur",3 ⭐️,2023,Indian,Jagannath Sadak
Kantina,"Florida, Miami Beach, United States",4 ⭐️,2022,Multi Cuisine,Ocean Drive
Kebab India,"Cancún, Mexico, Quintana Roo",4 ⭐️,2023,Indian,Plaza Parian
Kevin & Chris’s Noodle House,"California, San Francisco, United States",3 ⭐️,2023,Vietnamese,Irving Street
"KFC ","Atlanta, Georgia, United States",3 ⭐️,2022,Sandwich,Franchise Chain
"Kilwin’s ","Gatlinburg, Tennessee, United States",4 ⭐️,2021,Dessert,Franchise Chain
Kinara Fusion Kitchen,"California, San Francisco, United States",3.5 ⭐️,2023,Indian Fusion,Geary Street
Krispy Krunchy Chicken,"California, San Francisco, United States",3 ⭐️,2023,Fried Chicken,Irving Street
Kung Fu Tea,"California, Palo Alto, United States",4 ⭐️,2022,Boba,University Avenue
Kure Juice Bar,"Oregon, Portland, United States",4 ⭐️,2023,Smoothie,Hawthorne Boulevard
Kyma,"Atlanta, Georgia, United States",3 ⭐️,2023,Greek,Piedmont Rood
La Fonda Latina,"Atlanta, Georgia, United States",4 ⭐️,2022,Mexican,Ponce de Leon Ave
La Hacienda Midtown,"Atlanta, Georgia, United States",4 ⭐️,2022,Mexican,Monroe Drive
La Mediterranee,"California, San Francisco, United States",4 ⭐️,2023,Mediterranean,Food Delivery Services
https://www.gaslamp.org/listing/la-puerta/,"California, San Diego, United States",4.5 ⭐️,2023,Mexican,Gaslamp Quarter
Ladurée,"France, Paris",4 ⭐️,2022,Bakery,International Airport
Leaky Cauldron,"Florida, Orlando, United States",3 ⭐️,2022,British,Universal Orlando's Diagon Alley
https://www.hibachila.com/sanfrancisco-landing-page-1,"California, San Francisco, United States",4 ⭐️,2023,Japanese,Catering
Little Chef,"India, Kanpur, Uttar Pradesh",4 ⭐️,2022,Multi Cuisine,Civil Lines
https://www.zomato.com/kanpur/liv-at-the-deck-the-landmark-hotel-mall-road,"India, Kanpur, Uttar Pradesh",4 ⭐️,2022,Multi Cuisine,The Landmark Hotel
Lobby by Lechon,"Oregon, Portland, United States",5 ⭐️,2023,Multi Cuisine,Pine Street
Lomo Libre Cantina,"California, San Francisco, United States",3 ⭐️,2023,Peruvian,Irving Street
Lori's Diner,"California, San Francisco, United States",3 ⭐️,2023,American,Sutter Street
Louie’s Pizza,"Florida, Orlando, United States",3 ⭐️,2022,Pizza Restaurant,Universal Studios Florida
Lowco Motion*,"Atlanta, Georgia, United States",3 ⭐️,2021,Sandwich,Food Truck
Lucca food deli,"California, San Francisco, United States",4 ⭐️,2023,Subs,Irving Street
Lucky Buddha,"Atlanta, Georgia, United States",4 ⭐️,2022,"Chinese, Thai",Tech Plaza
Mado,"Istanbul, Turkey",4 ⭐️,2023,Greek,Gokturk Center
Madras Mantra,"Decatur, Georgia, United States",4 ⭐️,2022,South Indian,Lawrenceville Highway
Maggiano's Little Italy,"Atlanta, Georgia, United States",5 ⭐️,2022,Italian,Buckhead
Mama's Cafe,"California, Ukiah, United States",4 ⭐️,2023,Cafe,State Street
Mamma Rosa’a Pizza & Restaurant,"Florida, Titusville, United States",4 ⭐️,2022,Italian,Cheney Highway
Mandalay Restaurant,"California, San Francisco, United States",4 ⭐️,2023,Burmese,California Street
Mannat Haveli,"Haryana, India, Kurukshetra",4 ⭐️,2022,Indian,168 Mile Stone
Marco’s Pizza,"Atlanta, Georgia, United States",2 ⭐️,2022,Pizza Restaurant,Franchise Chain
Marlow's Tavern,"Atlanta, Georgia, United States",4 ⭐️,2022,American,Midtown Atlanta
Marrakesh Mediterranean Kitchen,"Atlanta, Georgia, United States",4 ⭐️,2022,Mediterranean,Ponce City Market
Masti,"Atlanta, Georgia, United States",4 ⭐️,2021,Indian,Toco Hills Shopping Center
Matko,"California, San Francisco, United States",4 ⭐️,2022,Korean,The Market
Mazaj Café,"Kenner, Louisiana, United States",1 ⭐️,2022,Mediterranean,Food Delivery Services
Mazarine Coffee,"California, San Francisco, United States",4 ⭐️,2023,Coffee Spot,Market Street
McDonalds,"Atlanta, Georgia, United States",3 ⭐️,2021,Sandwich,Franchise Chain
Mellow Mushroom,"Atlanta, Georgia, United States",4 ⭐️,2022,Italian,Franchise Chain
Melting Pot,"Atlanta, Georgia, United States",3 ⭐️,2022,Fondue,Midtown Atlanta
Miami Grill*,"Florida, Miami, United States",3 ⭐️,2022,Multi Cuisine,Franchise Chain
Miso,"India, Kanpur, Uttar Pradesh",3 ⭐️,2022,Asian Fusion,NRI City
Miso Ko,"Atlanta, Georgia, United States",4 ⭐️,2022,Sushi,Ponce City Market
Mithas,"India, Kanpur, Uttar Pradesh",4 ⭐️,2022,Indian Breakfast,Swaroop Nagar
Mocha,"India, Kanpur, Uttar Pradesh",4 ⭐️,2021,Multi Cuisine,Civil Lines
Moe’s Southwest Grill,"Atlanta, Georgia, United States",4 ⭐️,2021,Mexican,Franchise Chain
Momo King,"California, Mountain View, United States",4 ⭐️,2022,Indo-Chinese,Food Delivery Services
Momomia,"India, Kanpur, Uttar Pradesh",3 ⭐️,2021,Momos,Arya Nagar
Momonoki,"Atlanta, Georgia, United States",4 ⭐️,2022,Japanese,Midtown Atlanta
Monster Tea House,"Oregon, Portland, United States",4 ⭐️,2023,Boba,Hawthorne Boulevard
Mr. East Kitchen,"California, San Francisco, United States",4 ⭐️,2023,Asian,Food Delivery Services
Murli Batashe,"India, Kanpur, Uttar Pradesh",5 ⭐️,2022,Panipuri,Birhana Road
Naanstop,"Atlanta, Georgia, United States",3 ⭐️,2022,American-Indian,Atlantic Station
Natura Eatery,"Florida, Miami, United States",5 ⭐️,2022,Healthy Meals,16th Street
Neighborhood Wraps and Smoothies,"Atlanta, Georgia, United States",3 ⭐️,2022,"Smoothie, Subs",Food Delivery Services
Netaji Cold Drinks,"India, Kanpur, Uttar Pradesh",4 ⭐️,2022,Quick Bites,Ratan Lal Nagar
New Eritrea Restaurant,"California, San Francisco, United States",4.5 ⭐️,2023,"Eritrean, Ethiopian",Irving Street
Nirmal Bakery,"India, Kanpur, Uttar Pradesh",4 ⭐️,2022,Patties,Ashok Nagar
No 10 Kitchen,"Atlanta, Georgia, United States",4 ⭐️,2022,Salad Bowls,NCR Global Headquarters
Nola,"California, Palo Alto, United States",5 ⭐️,2023,Cajun,Ramona Street
Noori Pakistani & Indian Cuisine,"California, San Francisco, United States",4 ⭐️,2023,Indian,Irving Street
North Ave Dining Hall,"Atlanta, Georgia, United States",3 ⭐️,2021,College Dining Hall,Georgia Tech
Nova II Sushi Bar & Asian Bistro,"Atlanta, Georgia, United States",4 ⭐️,2022,Sushi,Midtown Atlanta
"Nuevo Laredo Cantina ","Atlanta, Georgia, United States",4 ⭐️,2022,Mexican,Chattahoochee Avenue
Nuvrei,"Oregon, Portland, United States",4 ⭐️,2023,Bakery,Food Delivery Services
O.B. Smoothies,"California, San Diego, United States",3.5 ⭐️,2023,Smoothie,Ocean Beach
Ole Cuban Kitchen (Papi’s Cuban Grill),"Atlanta, Georgia, United States",4 ⭐️,2021,Sandwich,Krog Street Market
Olive Bistro,"Atlanta, Georgia, United States",3 ⭐️,2022,Mediterranean,Midtown Atlanta
Olive Garden,"California, Rohnert Park, United States",3 ⭐️,2023,Italian,Franchise Chain
Opa Market,"California, San Francisco, United States",4 ⭐️,2023,Mediterranean,Food Delivery Services
Oren's Hummus,"California, Mountain View, United States",4 ⭐️,2022,Israeli,Castro Street
Pahalwan Dugh Bhandar,"India, Kanpur, Uttar Pradesh",4 ⭐️,2022,Indian Sweets,Birhana Road
Pakwan Restaurant,"California, San Francisco, United States",4 ⭐️,2023,Indian,16th Street
Panda Express,"Atlanta, Georgia, United States",4 ⭐️,2021,American Chinese,Franchise Chain
Panera,"Atlanta, Georgia, United States",4 ⭐️,2022,Subs,Franchise Chain
Pangaea Grill,"California, Carmel-by-the-Sea, United States",4 ⭐️,2022,Asian Fusion,Downtown
Papa Johns,"Atlanta, Georgia, United States",3 ⭐️,2022,Pizza Restaurant,Franchise Chain
Parfait Paris,"California, San Diego, United States",4.5 ⭐️,2023,Dessert,Gaslamp Quarter
Park 27 Korean BBQ,"Atlanta, Georgia, United States",5 ⭐️,2022,Korean BBQ,Midtown Atlanta
Park Gyros,"California, San Francisco, United States",5 ⭐️,2023,Mediterranean,9th Avenue
Parkside at The Green Park,"India, Kanpur, Uttar Pradesh",4 ⭐️,2023,Multi Cuisine,Green Park Stadium
Parlay Food Truck,"Atlanta, Georgia, United States",3 ⭐️,2022,Fried Chicken,Food Truck
Pasha,"California, San Francisco, United States",5 ⭐️,2023,Mediterranean,Geary Street
Patterson and Company,"Atlanta, Georgia, United States",4 ⭐️,2022,Subs,NCR Global Headquarters
Peet's Coffee,"California, San Francisco, United States",4 ⭐️,2023,Coffee Spot,Geary Boulevard
Phil's BBQ,"California, San Diego, United States",3 ⭐️,2023,American,Domestic Airport
Philmore Creamery,"California, San Francisco, United States",4 ⭐️,2023,Ice cream,Fillmore Street
Phulpatna Multi Cuisine Restaurant,"India, Odisha, Puri",4 ⭐️,2023,Multi Cuisine,Toshali Sands
Pineapple King Bakery,"California, San Francisco, United States",4 ⭐️,2023,Dessert,Irving Street
Pinnay's Softy,"India, Kanpur, Uttar Pradesh",4 ⭐️,2023,Ice cream,Mall Road
Pizza Hut,"Atlanta, Georgia, United States",3 ⭐️,2022,Pizza Restaurant,Franchise Chain
"Planet Bombay ","Atlanta, Georgia, United States",3 ⭐️,2021,Indian,Edgewood Avenue
Poke Bar Atlantic Station,"Atlanta, Georgia, United States",4 ⭐️,2023,Boba,Atlantic Station
Poke Burri,"Atlanta, Georgia, United States",3 ⭐️,2023,Japanese,CODA
Ponko Chicken,"Atlanta, Georgia, United States",4 ⭐️,2022,Wings,Midtown Atlanta
Postino Buckhead,"Atlanta, Georgia, United States",4 ⭐️,2022,Cafe,Buckhead
Powder,"California, San Francisco, United States",4 ⭐️,2023,Ice cream,Divisadero Street
https://www.heathrow.com/at-the-airport/restaurants-a-z/pret-a-manger,"London, United Kingdom",3 ⭐️,2022,Cafe,International Airport
Prickly Pear Tapas Tacos and Tequila,"Atlanta, Georgia, United States",4 ⭐️,2023,Mexican,Powers Ferry Road
Publico,"Atlanta, Georgia, United States",3 ⭐️,2022,Mexican,Midtown Atlanta
Publix Deli,"Atlanta, Georgia, United States",2 ⭐️,2022,Deli,Midtown Atlanta
Punjabi Angithi,"Gurgaon, Haryana, India",5 ⭐️,2022,Indo-Chinese,Food Delivery Services
Punjabi Rasoi,"India, Kanpur, Uttar Pradesh",5 ⭐️,2021,Authentic Indian Chicken,Sarojini Nagar
Qdoba Mexican Eats,"Atlanta, Georgia, United States",4 ⭐️,2022,Mexican,Domestic Airport
Quality King,"India, Kanpur, Uttar Pradesh",4 ⭐️,2022,Indian Street Food,Civil Lines
https://que-desmadre-llc.square.site/,"Colorado, Denver, United States",4 ⭐️,2023,Mexican,Food Truck
Quickly,"California, San Francisco, United States",3 ⭐️,2023,"Boba, Snacks",Irving Street
RA Sushi Bar,"Atlanta, Georgia, United States",4 ⭐️,2021,Sushi,Midtown Atlanta
https://raavisf.com/,"California, San Francisco, United States",3 ⭐️,2023,Indian,Food Delivery Services
Rainbow Fresh,"Seattle, United States, Washington",3 ⭐️,2023,Vietnamese Buns,Pike Place Market
Ram Swaroop Chaat,"India, Kanpur, Uttar Pradesh",5 ⭐️,2022,Chaat,Birhana Road
Rays,"Atlanta, Georgia, United States",4 ⭐️,2022,Italian,Tech Square
Rio's Italian Ice & Ice Cream,"Atlanta, Georgia, United States",4 ⭐️,2022,Ice cream,Tech Green - Georgia Tech
Rising Roll,"Atlanta, Georgia, United States",3 ⭐️,2021,Sandwich,Georgia Tech
Rocco’s Pizza,"Florida, Hollywood, United States",4 ⭐️,2022,Italian,Johnson Street
Rocky Mountain Pizza Company,"Atlanta, Georgia, United States",4 ⭐️,2022,Pizza Restaurant,Hemphill Ave
Rollin’ Fresh*,"Oregon, Portland, United States",3 ⭐️,2023,Sushi,Food Delivery Services
Roma Mia,"California, San Diego, United States",4 ⭐️,2023,Italian,Gaslamp Quarter
Rreal Tacos,"Atlanta, Georgia, United States",5 ⭐️,2022,Mexican,Midtown Atlanta
Rumi's Kitchen,"Atlanta, Georgia, United States",5 ⭐️,2022,Persian,Colony Square
Saigon BBQ Noodle House,"California, San Francisco, United States",4 ⭐️,2023,Vietnamese,Irving Street
Saiwaii Ramen,"California, San Francisco, United States",4 ⭐️,2023,Ramen,Irving Street
San Agus Cocina Urbana & Cocktails,"California, Palo Alto, United States",4.5 ⭐️,2023,Cocktails,Hamilton Avenue
San Francisco Brewing Co.,"California, San Francisco, United States",3 ⭐️,2022,Multi Cuisine,Ghirardelli Chocolate Experience
Sanjit Mandal ka Momo,"India, Kanpur, Uttar Pradesh",3 ⭐️,2022,Momos,Model Town
Sarpino’s Pizzeria,"Atlanta, Georgia, United States",4 ⭐️,2021,Pizza Restaurant,Franchise Chain
Satto Thai and Sushi Bar,"Atlanta, Georgia, United States",3 ⭐️,2021,Thai,Marietta Street
Sbarro,"Florida, Orlando, United States",3 ⭐️,2023,Pizza Restaurant,Domestic Airport
Scott’s Fish Market Restaurant,"Hilton Head Island, South Carolina, United States",5 ⭐️,2022,Seafood,Harbourside Lane
Sean’s Candler Park,"Atlanta, Georgia, United States",4 ⭐️,2022,"Hot Dog, Smoothie",McLendon Avenue
Serena Pastificio,"Atlanta, Georgia, United States",4 ⭐️,2022,Italian,Colony Square
SF Hole in the Wall Pizza,"California, San Francisco, United States",4 ⭐️,2023,Italian,Irving Street
https://shaggys.com/,"Gulfport, Mississippi, United States",5 ⭐️,2022,"American, Seafood",Gulfport Beach
Shake Shack,"Atlanta, Georgia, United States",4 ⭐️,2022,Burgers,Franchise Chain
Shawarma Walaz & Grill,"India, Kanpur, Uttar Pradesh",3 ⭐️,2022,Mediterranean,Arya Nagar
Shukla Ji ka Special Mattha,"India, Kanpur, Uttar Pradesh",4 ⭐️,2023,Bread Makkhan,Mall Road
Siam Royal Authentic Thai,"California, Palo Alto, United States",4 ⭐️,2022,Thai,University Avenue
Sidewalk Bakehouse & Cafe,"India, Kanpur, Uttar Pradesh",4 ⭐️,2023,Cafe,Swaroop Nagar
Silverlake Ramen,"Atlanta, Georgia, United States",3 ⭐️,2021,Ramen,Midtown Atlanta
https://www.snoozeeatery.com/,"Atlanta, Georgia, United States",4 ⭐️,2023,Breakfast,Howell Mill Road
So Icey Water Ice,"Atlanta, Georgia, United States",4 ⭐️,2022,Ice cream,Food Truck
Sonic Drive-IN,"Florida, Titusville, United States",4 ⭐️,2022,Shakes,Franchise Chain
Spanky’s Pizza Galley,"Georgia, Savannah, United States",4 ⭐️,2022,Multi Cuisine,River Street
Sri Thai,"Atlanta, Georgia, United States",5 ⭐️,2021,Thai,Atlantic Station
https://stanleyrestaurant.com/,"Louisiana, New Orleans, United States",4 ⭐️,2022,Breakfast,Jackson Square
Starbird Chicken,"California, San Francisco, United States",4 ⭐️,2023,Fried Chicken,Food Delivery Services
Starbucks,"Atlanta, Georgia, United States",3 ⭐️,2021,Coffee Spot,Franchise Chain
Stella Pastry & Cafe,"California, San Francisco, United States",3.5 ⭐️,2023,Bakery,Food Delivery Services
Sublime Donuts,"Atlanta, Georgia, United States",5 ⭐️,2022,Dessert,10th Street
Subway,"Atlanta, Georgia, United States",4 ⭐️,2021,Subs,Franchise Chain
Sugar Shane’s,"Atlanta, Georgia, United States",4 ⭐️,2021,Dessert,14th Street
Sunrise Deli,"California, San Francisco, United States",4 ⭐️,2023,Mediterranean,Irving Street
Sunset Cantina,"California, San Francisco, United States",4 ⭐️,2023,Mexican,Judah Street
Sushi Goemon,"California, San Francisco, United States",3.5 ⭐️,2023,Japanese,Irving Street
Sushi Uma,"California, San Francisco, United States",5 ⭐️,2023,Japanese,Irving Street
Sweet & Fresh,"Atlanta, Georgia, United States",4 ⭐️,2021,Boba,Midtown Atlanta
Sweet Hut,"Atlanta, Georgia, United States",3.5 ⭐️,2021,Dessert,Midtown Atlanta
Sweetgreen,"California, Palo Alto, United States",4 ⭐️,2022,Salad Bowls,Franchise Chain
Szechuan cuisine,"California, San Francisco, United States",2 ⭐️,2023,Chinese,Irving Street
Tabla,"Atlanta, Georgia, United States",4 ⭐️,2023,Indian,Buckhead
Taco Bell,"Atlanta, Georgia, United States",2 ⭐️,2021,Mexican,Franchise Chain
Taco Mac,"Atlanta, Georgia, United States",3 ⭐️,2022,Mexican,Midtown Atlanta
Tacos & Tequilas,"Atlanta, Georgia, United States",4 ⭐️,2023,Mexican,Ponce de Leon Ave
Tacos El Gordo,"California, San Diego, United States",5 ⭐️,2023,Mexican,Gaslamp Quarter
Tacos El Jefeson,"California, San Francisco, United States",4 ⭐️,2023,Mexican,Catering
Tacqueria Tulumunchies Tacos,"Mexico, Quintana Roo, Tulum",4 ⭐️,2023,Mexican,Tulum Beach
Tahoe Bear Tea House,"California, South Lake Tahoe, United States",4 ⭐️,2023,Boba,Lake Tahoe Boulevard
Taj Mahal Indian Restaurant,"Florida, Orlando, United States",2 ⭐️,2022,Indian,International Drive
Tandoori Pizza & Wing Co.,"Atlanta, Georgia, United States",5 ⭐️,2022,Indo-Italian,Colony Square
Tannour Mediterranean Grill,"Atlanta, Georgia, United States",4 ⭐️,2022,Mediterranean,Home Park
Taste of Greece,"Atlanta, Georgia, United States",4 ⭐️,2023,Greek,Midtown Atlanta
Tasty Thai,"Colorado, Denver, United States",4 ⭐️,2022,Thai,Colfax Avenue
Test Kitchen,"Atlanta, Georgia, United States",4 ⭐️,2022,Indian,Student Center - GT
TGI Friday’s,"Pigeon Forge, Tennessee, United States",4 ⭐️,2021,American,Franchise Chain
Thaggu Ke Laddu,"India, Kanpur, Uttar Pradesh",4 ⭐️,2022,Dessert,Tilak Nagar
Thai Peacock,"Oregon, Portland, United States",4 ⭐️,2023,Thai,Food Delivery Services
The Big Chill Cafe,"Gurgaon, Haryana, India",4 ⭐️,2022,Multi Cuisine,Franchise Chain
The Cheesecake Factory,"Atlanta, Georgia, United States",4 ⭐️,2022,Dessert,Franchise Chain
The Coffee Bean & Tea Leaf,"India, New Delhi",3 ⭐️,2022,Coffee Spot,International Airport
https://www.theconsulateatlanta.com/,"Atlanta, Georgia, United States",5 ⭐️,2022,Around the World,Midtown Atlanta
The Fritz Cafe,"Florida, Miami Beach, United States",5 ⭐️,2022,Multi Cuisine,Ocean Drive
The Game Parlour,"California, San Francisco, United States",4 ⭐️,2023,American,Irving Street
The Garden Room,"Atlanta, Georgia, United States",5 ⭐️,2022,"Dessert, Seafood",One Buckhead Plaza
The Halal Guys,"Atlanta, Georgia, United States",4 ⭐️,2021,Mediterranean,Franchise Chain
The Library at Heathman,"Oregon, Portland, United States",4 ⭐️,2023,American Breakfast,Heathman Hotel
The Lounge,"India, Lucknow, Uttar Pradesh",3 ⭐️,2023,Indian,Domestic Airport
The Mochi Donut Shop,"California, San Francisco, United States",4 ⭐️,2023,Donuts,Irving Street
The National,"Atlanta, Georgia, United States",3 ⭐️,2022,American,NCR Global Headquarters
The Organic Coup,"California, San Francisco, United States",3.5 ⭐️,2023,Organic Fast Food,Oracle Park
The Original El Taco,"Atlanta, Georgia, United States",3 ⭐️,2023,Mexican,International Airport
The Painted Duck,"Atlanta, Georgia, United States",4 ⭐️,2022,Appetizers,Brady Avenue
The Pecan Bistro,"Atlanta, Georgia, United States",3 ⭐️,2022,Southern United States,International Airport
The Progress,"California, San Francisco, United States",4 ⭐️,2023,American,Fillmore Street
The Slice,"Atlanta, Georgia, United States",4 ⭐️,2022,Pizza Restaurant,Truist Park
The Sub Station,"Cosby, Tennessee, United States",3.5 ⭐️,2021,Italian,Hooper Highway
The Terminal,"Atlanta, Georgia, United States",4 ⭐️,2022,Pizza Restaurant,NCR Global Headquarters
The Walnut Room,"Colorado, Denver, United States",4 ⭐️,2023,Pizza Restaurant,Walnut Street
The Yard Milkshake Bar,"Atlanta, Georgia, United States",2 ⭐️,2022,"Ice cream, Shakes",Franchise Chain
Theos,"Gurgaon, Haryana, India",4 ⭐️,2023,Cafe,DLF CyberHub
There Burger Bar,"Atlanta, Georgia, United States",4 ⭐️,2022,American,Student Center - GT
Thrive Kitchen,"Atlanta, Georgia, United States",5 ⭐️,2022,Healthy Bowls,Food Delivery Services
Thái Bảo Vietnamese Restaurant,"Colorado, Denver, United States",4 ⭐️,2023,Vietnamese,Regis University
https://www.cookiedelivery.com/menu.aspx,"Atlanta, Georgia, United States",3 ⭐️,2023,Cookie,Franchise Chain
Tigerlily,"Berkeley, California, United States",4 ⭐️,2023,Indian Fusion,Shattuck Avenue
Tikka Or Leave It,"Atlanta, Georgia, United States",3 ⭐️,2023,Indian,Food Delivery Services
Tin Drum Asian Kitchen,"Atlanta, Georgia, United States",4 ⭐️,2022,Asian,Tech Square
https://tinlizzyscantina.com/,"Atlanta, Georgia, United States",4 ⭐️,2023,Mexican,Midtown Atlanta
Tomo Sushi & Teriyaki,"California, Daly City, United States",4.5 ⭐️,2023,"Japanese, Sushi",Junipero Serra Boulevard
Tonino Ristorante,"India, New Delhi",4 ⭐️,2023,Italian,Mehrauli
Topgolf,"Atlanta, Georgia, United States",4 ⭐️,2022,Multi Cuisine,Franchise Chain
Torchy’s Tacos,"Colorado, Denver, United States",4 ⭐️,2022,Mexican,Franchise Chain
Toscano Ristorante Italiano,"Atlanta, Georgia, United States",4.5 ⭐️,2021,Italian,Atlantic Station
Touch Indian,"Atlanta, Georgia, United States",3 ⭐️,2021,Indian,14th Street
Tpumps,"California, San Francisco, United States",4 ⭐️,2023,Boba,Irving Street
Tres Gringos Cabo Cantina,"California, San Jose, United States",3 ⭐️,2022,Mexican,Domestic Airport
Tropical Smoothie Cafe,"Atlanta, Georgia, United States",3 ⭐️,2022,Smoothie,Midtown Atlanta
Troya Restaurant,"California, San Francisco, United States",3 ⭐️,2023,Mediterranean,Food Delivery Services
Tuk Tuk Thai Food Loft,"Atlanta, Georgia, United States",4 ⭐️,2021,Thai,Peachtree Road
Tunday Kababi,"India, Kanpur, Uttar Pradesh",5 ⭐️,2022,Authentic Indian Mutton,Arya Nagar
Twisted Kitchen,"Atlanta, Georgia, United States",5 ⭐️,2022,Pasta,Midtown Atlanta
Twisted Taco,"Atlanta, Georgia, United States",4 ⭐️,2021,Mexican,Franchise Chain
Two Guys Pizza Pies,"California, Groveland, United States",3 ⭐️,2023,Pizza Restaurant,Ferretti Road
Umma's House Korean Japanese,"Atlanta, Georgia, United States",4 ⭐️,2022,Japanese,Tech Square
Uncle Benny's Donut & Bagel,"California, San Francisco, United States",4 ⭐️,2023,Breakfast,Irving Street
Underdogs Tres,"California, San Francisco, United States",4 ⭐️,2023,Mexican,9th Avenue
Upbeet,"Atlanta, Georgia, United States",4 ⭐️,2022,Healthy Bowls,Howell Mill Road
Urban Momo,"California, San Jose, United States",2 ⭐️,2022,Indo-Nepali,San Pedro Square
Veer ji Malai Chaap wale,"India, Kanpur, Uttar Pradesh",5 ⭐️,2022,Soya Chaap,Arya Nagar
Veg Hunger Point,"India, Kanpur, Uttar Pradesh",4 ⭐️,2022,"Indian Snacks, Kabab Paratha",Arya Nagar
Velvet Taco,"Atlanta, Georgia, United States",5 ⭐️,2021,Mexican,The Interlock
http://vieuxcarrepizza.com/,"Louisiana, New Orleans, United States",2 ⭐️,2022,Pizza Restaurant,Bourbon Street
https://www.voodoodoughnut.com/,"Oregon, Portland, United States",4 ⭐️,2023,Donuts,3rd Avenue
W Café at Wyndham Chandigarh Mohali,"India, Mohali, Punjab",4 ⭐️,2022,Multi Cuisine,Sector 65
Waffle House,"Atlanta, Georgia, United States",3 ⭐️,2021,Breakfast,Franchise Chain
WEChef,"Colorado, Denver, United States",4 ⭐️,2022,Asian,Food Truck
West Village Dining Commons,"Atlanta, Georgia, United States",3 ⭐️,2021,College Dining Hall,Georgia Tech
Which Wich Superior Sandwiches,"Atlanta, Georgia, United States",3 ⭐️,2022,Sandwich,Midtown Atlanta
Whistle Bistro,"Atlanta, Georgia, United States",5 ⭐️,2022,Sandwich,Georgia Tech
White Crab,"India, Odisha, Puri",3 ⭐️,2023,Cafe,Blue Flag Beach
Willy’s Mexicana Grill,"Atlanta, Georgia, United States",4 ⭐️,2021,Mexican,Franchise Chain
Wingstop,"California, San Francisco, United States",3 ⭐️,2023,Fried Chicken,Food Delivery Services
Wok Station,"California, San Francisco, United States",3 ⭐️,2023,Chinese,Irving Street
Wokdragon,"Atlanta, Georgia, United States",3 ⭐️,2021,American Chinese,Lenox Mall
Wonderful Foods,"California, San Francisco, United States",2 ⭐️,2023,Boba,Irving Street
Yalla!,"Atlanta, Georgia, United States",4 ⭐️,2022,Mediterranean,Krog Street Market
YAME Food Court,"India, Prayagraj, Uttar Pradesh",3 ⭐️,2023,Indian Street Food,Ashok Nagar
Yani Pizza,"Colorado, Denver, United States",3 ⭐️,2022,Pizza Restaurant,Food Truck
Yankee Pier,"California, San Francisco, United States",3.5 ⭐️,2023,Breakfast,Domestic Airport
Yard House,"Atlanta, Georgia, United States",4 ⭐️,2021,American,Atlantic Station
Yoma Cafe,"California, San Francisco, United States",4 ⭐️,2023,Japanese,Irving Street
Yuanbao Jiaozi 元寶餃子,"California, San Francisco, United States",5 ⭐️,2023,Chinese,Irving Street
Zama Mexican Cuisine & Margarita Bar,"Georgia, Smyrna, United States",4 ⭐️,2022,Mexican,Highlands of West Village
Zante Pizza & Indian Cuisine,"California, San Francisco, United States",4 ⭐️,2023,Indian Pizza,Mission Street
Zareen's,"California, Mountain View, United States",4 ⭐️,2022,Indian,Plymouth Street
https://porquenotacos.square.site/,"Oregon, Portland, United States",4 ⭐️,2023,Mexican,Food Delivery Services